[
  {
    "id": 1,
    "item_name": "Soup Campbells - Tomato Bisque",
    "cost": "12.08",
    "description": "Curabitur convallis. Duis consequat dui nec nisi volutpat eleifend."
  },
  {
    "id": 2,
    "item_name": "Lime Cordial - Roses",
    "cost": "3.94",
    "description": "Integer ac leo. Pellentesque ultrices mattis odio. Donec vitae nisi."
  },
  {
    "id": 3,
    "item_name": "Rum - Spiced, Captain Morgan",
    "cost": "5.46",
    "description": "Sed accumsan felis."
  },
  {
    "id": 4,
    "item_name": "Blackberries",
    "cost": "14.07",
    "description": "Nulla justo. Aliquam quis turpis eget elit sodales scelerisque."
  },
  {
    "id": 5,
    "item_name": "Table Cloth - 53x69 Colour",
    "cost": "3.95",
    "description": "Maecenas ut massa quis augue luctus tincidunt. Nulla mollis molestie lorem."
  },
  {
    "id": 6,
    "item_name": "Spinach - Frozen",
    "cost": "7.08",
    "description": "Praesent blandit lacinia erat. Vestibulum sed magna at nunc commodo placerat. Praesent blandit."
  },
  {
    "id": 7,
    "item_name": "Lemonade - Kiwi, 591 Ml",
    "cost": "11.56",
    "description": "Proin at turpis a pede posuere nonummy."
  }
]
